Actual,Predicted
15,7.79
5,16.047
5,4.041547619047619
50,54.13065566307698
5,8.269333333333334
20,19.102
10,7.48
20,15.27
10,11.778333333333332
2,4.855347763347763
1,15.633571428571429
5,5.239619047619048
60,70.97865079365077
20,15.871015873015871
3,5.15
3,5.88
27,13.776666666666666
10,12.730404040404041
10,14.425999999999998
20,21.42
2,4.29
20,20.0
5,4.28
5,11.494472222222221
5,12.480952380952383
6,7.9753181818181815
2,34.426
10,18.78333333333333
25,9.497563131313132
15,16.446666666666665
20,13.833511904761906
45,19.63839767918137
1,9.274404761904762
3,28.7464898989899
20,21.753484126984127
20,11.34483225108225
2,2.7300841126958146
20,14.26
120,57.03666666666667
5,8.621570344134557
10,11.582
1,16.08
5,17.815
1,5.12
25,19.968
35,29.27
1,4.9
30,7.295555075643308
1,9.23
20,27.56
30,68.92
3,2.51
2,12.41
15,11.574166666666667
5,4.72
20,14.05
25,30.71
7,17.112142857142857
5,21.02
6,5.57
10,18.039555555555555
9,8.011052929534744
2,15.47
2,6.484222481222481
10,11.563333333333333
5,4.9938095238095235
15,11.783333333333335
2,10.095
40,27.49
3,10.308333333333335
1,12.027999999999999
90,54.13065566307698
1,9.738960317460318
1,29.25333333333333
7,6.38
20,9.47
30,33.97159880370446
10,16.509298399484933
20,16.525000000000002
30,88.9625
20,15.144761904761905
7,12.597777777777779
1,2.21
3,11.12
150,29.75
20,20.0
3,25.878673835125447
1,5.083333333333334
6,9.949611037912895
2,10.946666666666665
50,46.58006743690837
2,2.311142857142857
10,13.799837209302325
5,10.01070370534655
100,17.261872549019607
1,7.741242424242426
4,25.49
5,8.7
1,4.92
20,66.06244627921099
15,16.695714285714285
20,18.00746841829684
20,13.916428571428568
4,8.14
5,6.041666666666666
20,8.65
10,11.82
80,70.97865079365077
2,14.98913203463203
5,8.49
20,11.210999999999999
4,24.08
16,19.37
5,25.038333333333334
1,3.6474999999999995
5,8.11
50,47.58
3,11.109333333333334
16,14.48
3,12.37
1,9.384583333333332
5,10.996666666666668
2,20.82
5,14.98
4,12.263333333333332
13,12.62
1,6.373055555555555
3,69.70833333333334
2,3.0874344246261503
25,43.20666666666666
1,7.32
10,18.845
1,8.831346153846154
10,4.5284615384615385
10,10.9
25,19.658577561327565
3,21.7
7,5.485329004329004
3,1.7765357142857143
10,11.546875
2,2.9546331168831172
60,44.69916666666666
3,8.407272727272728
10,17.220714285714283
20,7.4625
2,8.285
52,7.538214285714286
28,11.383333333333335
50,59.3885
2,44.33
1,4.67
5,8.616499999999998
30,27.82166666666667
2,4.92
2,9.78
25,7.9623333333333335
5,6.869473758697444
4,15.327631578947368
15,15.57
20,20.0
20,54.49833333333333
2,5.461234515484513
6,6.6575
3,3.047678571428573
2,13.382923076923078
10,16.865216450216447
20,14.596666666666666
20,5.218785714285713
10,16.8
4,4.8933333333333335
50,53.12142857142857
25,26.88697802197802
1,10.859411764705882
10,24.167584011966998
2,10.340666666666666
5,16.948666666666668
6,2.4857692307692307
10,5.57
10,7.62
10,32.23
49,38.39
12,9.053333333333335
10,15.24
2,4.61
30,21.45
10,10.01
10,35.89204971219257
10,13.770047619047618
25,26.11182359307359
10,11.65
20,8.011052929534744
15,15.74
1,11.83
3,9.173333333333334
2,2.9546331168831172
4,8.87
15,30.65513256188256
2,6.4143333333333326
5,4.06
5,15.985750000000001
1,11.19
5,15.3475
35,28.351716200247182
9,3.1164000748235967
20,38.795
6,5.852735930735929
3,32.54
2,15.81
10,6.76
120,62.618978901797
5,5.865
20,19.90713924963925
2,10.682142857142857
1,1.837421465445459
2,15.03
3,6.928571428571429
1,5.741904761904761
3,3.696
10,12.52
20,108.475
3,6.482686507936507
10,20.3
2,5.137602564102564
20,18.22492063492064
4,6.21
20,12.39
1,6.0885
5,16.035
2,29.15
40,21.15
25,23.77333333333333
5,10.966615384615384
30,28.62275974025974
3,20.32
25,24.20333333333333
10,9.895
16,10.362
3,9.54319767019767
20,17.421706349206353
20,14.275333333333332
15,8.72
3,2.707957004125309
13,12.557142857142857
30,39.58283333333333
25,18.34
7,4.316333333333334
1,4.166904761904762
4,6.3030815295815295
5,5.004872414736965
8,7.468777777777778
2,12.943954545454543
3,8.51
18,17.91464285714286
8,11.723809523809525
15,6.35
20,16.03923076923077
8,16.841613748523578
5,7.078461538461538
90,90.915
3,7.06
25,17.13
5,2.7
7,48.369125000000004
25,21.753484126984127
55,69.01154761904762
3,9.363353276353278
5,8.011052929534744
9,34.12
12,10.485238095238095
5,8.011052929534744
4,4.12184899130797
30,32.569180631196765
8,5.66
6,9.09
10,11.672342300005425
2,42.64333333333333
30,27.19
2,17.765
50,21.770172258297265
2,12.483333333333333
150,40.0
1,17.299142857142858
1,5.26
10,8.89
3,15.1
25,2.1366666666666667
50,48.1
15,15.96
210,91.21
2,3.58
4,30.855999999999998
60,25.71083333333333
25,33.11
15,6.9
18,9.949611037912895
1,12.737142857142858
90,74.78
10,12.930474802974807
50,11.755
1,5.65
7,15.441826923076924
1,7.174285714285714
15,10.432066773368245
6,13.765
20,1.6332326562326565
2,23.3
20,20.256816405816394
1,8.233904761904762
90,9.94
1,4.114629660847272
3,7.678333333333334
8,4.707
15,13.96
15,4.1
15,8.383333333333333
10,5.6085714285714285
2,16.78
3,2.52
2,12.51
5,10.899000000000001
4,5.984444444444445
3,4.469214796039873
1,4.2175
10,11.211666666666668
5,8.71
10,24.55
30,54.39666666666666
5,11.613588655462186
2,2.43
40,22.831428571428575
2,1.99
1,2.8
2,4.06
15,62.618978901797
1,2.43
1,17.447151515151514
6,8.603333333333332
3,2.895
20,20.0
1,1.577178583628647
1,2.53752033492823
10,16.67
5,15.49
5,7.48
15,6.814166666666666
1,19.348909039833575
5,28.934695165945165
2,17.79
2,6.577999999999999
20,29.96
50,21.432937229437226
1,12.500000000000002
20,16.91455555555556
30,18.51381518417851
5,8.621570344134557
3,10.237
19,16.83
40,59.11666666666666
15,14.670559523809525
5,6.61
3,4.761000000000001
5,16.612948717948722
2,4.15
1,28.826666666666664
3,2.942452380952381
1,4.63
3,14.41
60,25.62
150,84.19021367521367
50,5.642222222222221
10,14.28
1,9.949611037912895
10,36.67439024390244
1,48.945154845154846
15,10.24027499942438
2,11.26247619047619
2,22.5625
12,17.730501165501163
20,17.421706349206353
3,17.491
15,8.345
1,8.715
2,6.084
1,1.84
5,4.56
4,9.579989219114218
10,10.387833333333333
60,22.24454826628068
22,12.13
2,2.0146242784992783
6,9.933333333333332
5,5.461234515484513
1,2.645
20,17.46894508269509
50,74.34254043238748
10,13.751904761904763
1,6.586666666666666
15,38.6
2,11.87
5,18.79
8,16.05
1,46.21666666666666
15,8.011052929534744
10,8.395039682539682
20,18.00746841829684
20,12.433709068709073
1,13.826486486486488
10,25.63076306796818
5,15.414000000000001
10,8.591541353383459
25,34.08
5,10.82
5,64.11
1,14.72
5,13.779523809523809
4,3.806010116286885
2,10.29
15,9.81
1,2.171142857142857
2,11.812017492416203
20,17.858761904761906
10,5.4025
10,4.2275644775331305
5,21.90375
10,11.126666666666665
10,10.2
2,6.656000000000001
5,6.733085569801043
1,19.002055555555557
5,18.67
6,9.648333333333333
5,44.81
120,24.47333333333333
3,39.02
3,13.01
20,9.666
5,7.153166666666667
7,16.801666666666666
12,11.869523809523809
25,33.63857142857143
4,12.278825396825399
2,5.13934126984127
1,18.655714285714286
34,19.466323450929874
2,25.430081585081588
8,12.051666666666668
2,17.0
120,29.69916666666667
20,21.416
50,34.6125
20,20.299166666666668
10,8.825333333333333
10,9.15
41,40.966
19,5.65
6,8.225507936507938
5,14.17578947368421
1,2.0146242784992783
2,3.0874344246261503
5,12.42
20,9.350833333333332
2,7.88
40,22.24454826628068
120,27.352165991902833
1,2.356485750145774
6,7.7958333333333325
10,15.7975
2,14.98913203463203
20,23.56666666666667
1,14.1
2,2.35
6,17.74
10,22.25666666666667
30,30.58
20,20.89
50,5.733666666666668
5,10.189
1,5.174119047619049
2,4.93
2,4.875384615384616
10,13.482281071981445
1,30.92
5,8.674080153738672
2,21.6832967032967
20,15.25
15,13.386666666666665
3,8.61025
1,5.86
1,3.02
3,14.93
3,11.277692307692307
20,19.83
5,10.38
5,9.133666666666667
2,5.746666666666666
55,15.0
20,49.505
20,20.0
14,4.46
10,25.88
3,4.846115079365081
3,2.42
8,7.736116974528736
36,12.341803030303032
3,8.69995238095238
6,10.844485294117648
2,7.779333333333334
10,13.87
4,4.949119047619049
2,10.009825757575758
5,18.776
10,13.097648989898993
10,9.1
20,24.06
3,4.25
9,18.15
10,10.55
70,53.9
2,25.86916666666667
45,18.12372811656867
10,9.750166666666667
60,31.117278665778667
1,31.132666666666665
20,24.075072463768116
1,7.906242424242424
5,13.661428571428571
20,12.448285714285714
20,20.87
1,6.6
2,5.0575
10,8.403214285714286
16,12.828628996003994
10,9.34
14,14.80829562104562
20,20.97
20,50.35577314133236
5,10.0
75,69.08333333333334
20,84.2075
100,123.84
1,8.78
8,8.674080153738672
5,9.869
15,7.02909090909091
10,29.18
5,7.93
3,2.47
20,14.687142857142858
2,15.03
10,12.341803030303032
2,14.35
30,95.615
5,3.869833333333333
2,14.194761904761906
2,28.92
1,13.835
3,1.662
6,8.674080153738672
17,11.374
60,34.31
15,7.73
10,46.58006743690837
1,5.11
1,6.5675
2,20.55333333333333
4,3.8531612357445573
2,2.687738095238095
15,20.486900000000002
5,45.25625
10,4.561904220779221
10,8.491136363636365
40,34.33
10,16.55
2,5.24
10,10.810028258110249
3,3.619739718614718
25,7.4175
2,16.12914285714286
10,8.621570344134557
10,27.75
15,11.158571428571427
35,27.005
20,20.61
20,19.180554339995524
20,26.055588235294117
60,48.86916666666667
30,70.0
1,8.225507936507938
10,19.63839767918137
30,10.764129607406694
3,20.62625
2,4.980277777777777
6,2.975
10,15.18333333333333
18,7.91
2,11.89459523809524
20,17.46894508269509
2,7.77
5,8.397666666666666
3,10.472880952380955
1,3.2682150072150065
20,21.87047619047619
50,36.50919047619047
5,2.0146242784992783
16,28.351716200247182
10,10.764129607406694
15,26.674372823555874
1,7.703333333333332
5,11.4
2,5.19
20,8.96677641802642
20,10.8875
5,8.556666666666667
8,11.213333333333333
30,101.31
1,7.163333333333332
10,7.295555075643308
60,25.635
10,40.775999999999996
1,15.72
1,14.504420289855075
10,75.29
1,18.255
3,7.2666666666666675
2,2.7606221001220996
25,9.262132122263706
20,32.815824245199245
5,4.9314285714285715
5,10.6725
10,18.48
5,28.27
10,6.692750000000001
3,2.9
3,10.458333333333336
20,14.815334249084248
2,2.73
4,89.93
35,3.735
1,4.1775
4,9.82
8,5.426036414565826
3,3.869714285714286
5,9.77
5,6.74
2,3.7424404761904775
2,4.329285714285715
10,14.378333333333336
5,7.174999999999999
50,14.882727272727273
3,6.869473758697444
2,4.114629660847272
2,4.840619047619048
4,13.69
20,19.73488095238095
20,16.608777777777778
5,14.299643564700222
25,58.01666666666666
3,7.69
5,7.796993145743147
50,8.473333333333333
3,14.309568627450979
6,13.47
40,15.38
3,9.579989219114218
4,11.421969696969695
6,5.852735930735929
40,29.268461538461537
10,10.18
15,10.11
5,2.959119047619048
20,10.986284493284494
12,13.51
10,12.075
16,20.71
5,8.993333333333334
2,14.228
10,12.04309203056146
5,23.64
1,3.155
5,15.96
120,17.623333333333335
20,15.030838184691127
14,35.83845856511197
3,21.64
17,9.405674603174603
3,8.225507936507938
5,3.8531612357445573
1,4.245833333333334
15,18.36765873015873
150,106.12857142857145
20,20.58
2,6.836666666666666
31,18.51381518417851
15,29.135213675213674
20,12.23
3,10.27
3,11.68
1,11.967142857142857
60,35.96333333333334
20,70.01
5,4.499999999999999
6,9.814583333333333
1,10.13
6,8.61
1,9.733079744816587
17,4.15
5,13.094404761904764
40,56.27666666666667
10,18.03
80,14.146999999999998
2,20.94
5,7.74
10,20.693566489066487
20,19.95
6,21.850328282828283
1,27.53990953490954
5,11.38
20,18.733095238095235
130,47.544761904761906
5,9.44
2,5.18
2,5.9225
31,29.37
30,25.11416666666667
2,13.839390109073932
2,11.37
15,5.578333333333334
26,18.51381518417851
30,32.431999999999995
5,8.011052929534744
5,6.643333333333333
2,11.76973950632271
4,4.114629660847272
5,18.305
20,14.94
20,23.93666666666667
1,7.521818181818182
2,1.97
5,6.3030815295815295
2,48.38333333333333
25,10.14
10,15.6825
10,7.295555075643308
5,3.1164000748235967
25,24.1
5,4.06575505050505
30,19.818571428571428
30,13.0
205,35.707974025974025
1,2.38
10,9.392000000000001
2,5.43
2,12.846883116883118
10,7.338333333333334
20,19.66
50,4.992549019607843
15,10.24027499942438
15,18.215333333333334
15,27.544523809523806
8,16.343888888888888
25,14.0
1,5.055
15,13.489866161616156
1,17.81
8,8.436666666666666
2,12.04309203056146
30,9.949611037912895
10,31.31
3,19.652422077922076
2,4.18
20,10.87
1,1.92
2,3.775
10,8.577333333333334
1,1.987037037037037
1,6.797000000000001
1,4.04
10,17.615328282828283
2,9.171666666666667
1,3.99
40,13.159
25,17.875
5,5.585
2,4.20363596176822
20,14.230625
20,16.906883116883115
1,23.83
1,7.82
3,2.09
150,65.69333333333333
15,3.8531612357445573
15,15.373678266178263
44,5.275777777777778
20,6.9675
10,10.764129607406694
20,20.2736598956599
3,36.0603696969697
40,16.919333333333338
20,20.37
7,13.601666666666667
15,21.049
2,3.44
25,10.921
5,3.8186819780666537
5,19.487222222222222
1,8.024220695970698
3,24.06
15,158.38
1,4.9831666666666665
1,7.19
120,52.02
4,10.2
5,14.299643564700222
5,13.066666666666665
20,20.256816405816394
5,10.33
15,20.014285714285712
10,8.52302657810603
3,7.468333333333333
2,13.784333333333334
10,12.97
35,39.99066666666667
60,40.701777097902074
2,2.76
1,1.1484999999999999
5,6.869473758697444
5,9.26
12,7.926666666666668
2,2.452
25,29.78
5,119.15863636363636
1,3.685
3,5.161666666666666
5,4.114629660847272
1,9.619333333333334
5,42.35166666666667
10,7.51
17,4.929047619047619
5,9.65
10,8.29
5,11.812017492416203
2,2.263913043478261
50,40.96333333333333
10,24.395
20,11.324166666666665
10,11.655
15,5.652649252063725
20,12.23
20,20.728
2,4.546143724696356
1,10.84
5,7.088382352941177
22,14.360833333333336
5,14.315
8,5.62
35,19.63839767918137
5,9.209333333333333
4,9.05
7,14.719473158033917
22,37.4925
5,12.87742857142857
30,13.96
1,2.275263157894737
2,7.88
3,21.520555555555557
10,7.999375
10,6.88
3,5.461234515484513
10,11.8
15,12.978
20,8.415454545454544
10,25.84
10,5.67
5,6.7375
5,14.283333333333335
120,31.79
10,10.282
3,6.338166666666667
2,3.1164000748235967
2,1.6474761904761905
5,21.350666666666665
2,3.89875
1,13.6375
2,3.24
150,76.99266666666668
5,3.8731861471861477
12,13.625789473684211
60,98.7
2,12.04309203056146
140,61.352
5,14.95
4,10.488988095238096
2,3.472653679653679
2,1.777037037037037
50,45.72379310344828
5,9.985
2,7.361666666666667
4,11.12
2,8.011052929534744
10,10.810028258110249
75,56.35642857142858
60,16.996
2,18.736666666666668
150,88.98
20,19.04
10,8.736218623481783
10,16.01857142857143
12,24.986666666666665
110,80.03
50,8.449444444444445
20,13.716666666666667
1,9.695692307692308
14,18.51381518417851
20,34.47
20,13.885985576923076
100,40.166666666666664
50,113.43476190476191
4,11.672342300005425
30,16.813333333333333
3,2.707957004125309
2,7.904
3,3.0874344246261503
1,24.93125
2,3.4427142857142856
8,7.775
2,4.34
15,21.17
42,26.370833333333334
150,75.8625
10,8.011052929534744
2,5.413333333333332
11,6.2666666666666675
1,16.83
5,11.672342300005425
20,20.45
1,4.73
2,15.16
1,28.41
40,37.39
17,27.57
20,15.52
2,12.953333333333333
50,20.8
50,8.320940476190477
1,2.2155000000000005
2,21.64
3,10.56
25,50.35577314133236
4,13.640576923076924
2,11.76973950632271
3,11.408789943915483
4,7.58
1,11.067666666666666
20,20.09
77,18.12
20,19.681767676767677
205,110.91699675324675
10,17.5
3,4.947261528326745
4,25.961666666666666
4,3.8531612357445573
10,14.299643564700222
2,3.31
20,12.42100003620503
5,19.840612647156764
120,72.95666666666668
4,21.31
2,7.335
50,113.81428571428573
6,25.079761904761902
3,6.1
20,20.12
50,19.63839767918137
33,6.3
5,10.395999999999999
1,3.245
1,6.01
3,13.03125
1,3.23
6,15.975714285714284
1,7.64
20,21.851190476190478
140,46.58006743690837
5,5.316666666666667
30,30.95
5,13.742
1,7.995133893883896
1,6.99
1,1.7365000000000002
3,5.02
4,11.812017492416203
1,2.644950980392157
36,26.481666666666666
110,11.8
2,3.6
1,2.48
20,18.98
25,17.12
4,10.09
5,9.908333333333333
20,17.97
5,11.335
5,10.8
120,38.1
15,20.584285714285716
19,10.035
2,7.725444444444445
20,15.309444444444445
5,8.011052929534744
3,15.225714285714284
10,17.56
25,11.672342300005425
20,42.785
5,100.05
1,6.8966666666666665
10,19.10625
20,11.492222222222221
10,18.51381518417851
1,1.577178583628647
15,10.191016483516483
3,36.276666666666664
10,10.13070176569665
5,11.812017492416203
1,5.285
2,11.76973950632271
2,13.713470933828077
5,9.622
1,6.6
18,14.800674603174603
15,14.87
50,24.2125
110,15.39745779220779
30,54.01
20,20.07219696969697
10,14.672023114876628
10,17.73
1,3.26
30,52.31
80,51.48666666666666
5,10.679613636363637
15,3.779444444444444
2,3.91
40,36.86
10,13.747380952380947
12,22.05985745614035
5,11.74
2,6.701666666666666
3,18.0
15,18.00746841829684
1,8.7
10,11.41
15,9.233333333333333
9,17.883333333333336
20,18.51381518417851
1,4.76
3,8.588571428571429
5,20.176666666666666
10,8.621570344134557
3,7.635
10,6.625
10,25.7732749668632
70,49.84733333333334
1,16.94
5,5.862
20,14.36
15,23.445999999999998
1,15.995999999999999
120,29.576666666666668
220,132.3
15,35.516190476190474
15,10.822000000000001
3,6.206666666666667
2,4.252594508610174
1,10.450833333333335
2,2.707957004125309
40,33.49666666666666
100,18.01
20,8.011052929534744
5,9.722000000000001
4,2.929
15,15.373678266178263
5,8.011052929534744
10,7.977896825396825
100,46.58383867521368
60,9.521363636363636
37,15.435
20,18.733095238095235
2,2.205
10,22.04
4,56.46983928571428
1,4.23
1,18.464166666666667
20,20.0
60,12.509166666666665
10,66.865
205,62.38708333333333
1,3.529
10,8.964444444444444
2,2.785
3,4.416362373737375
6,5.936571428571429
20,20.0
1,11.137111111111112
20,18.00746841829684
15,11.96
6,5.852735930735929
1,2.795
2,14.80829562104562
20,27.89375
20,9.6
2,6.072309523809524
10,6.276666666666666
12,19.370756410256412
5,13.24
10,3.18
1,17.706666666666667
120,43.15
5,5.067222222222222
2,9.157
10,9.284333333333334
5,12.903333333333332
25,5.879791042291044
11,5.587999999999999
110,24.2475
1,53.92466666666666
10,8.843071364909603
1,1.26
1,7.38
30,88.59666666666666
3,36.676153846153845
6,121.685
3,8.674080153738672
2,49.37
20,19.435360364618315
3,10.9
8,19.466323450929874
2,3.605
4,5.72
15,9.06
20,20.99
2,4.114629660847272
20,6.505
1,8.011052929534744
3,4.674220779220779
10,5.403
25,30.795
25,16.22
1,7.87
60,37.47333333333333
10,17.75
25,17.516666666666666
20,10.7275
10,17.87
5,3.54
20,18.6125
5,5.207661255411256
1,7.899375
40,103.30237734487731
2,5.6475
50,23.85
2,12.22144327894328
60,26.99
5,5.768522727272727
2,14.818
10,11.63
2,7.63
10,22.615714285714283
5,21.432937229437226
3,5.510555555555555
2,14.138
3,10.40044191919192
5,8.219166666666668
2,6.16
1,8.49
20,17.18
3,11.76142857142857
1,4.337142857142857
10,15.825294117647058
2,5.48
20,19.95
10,31.426465215698283
6,6.63
50,18.20277777777778
40,4.8545
10,3.8701666666666665
3,3.8731861471861477
15,23.68
40,10.56
5,4.499999999999999
20,15.80985714285714
5,11.684659090909092
17,36.77952380952381
20,13.465833333333334
20,4.56
3,9.63
6,9.392722222222222
40,62.618978901797
3,13.847069444444443
100,14.850233697020279
2,14.1
19,20.54
8,35.746
10,5.841428571428571
12,10.881238095238096
2,2.25
10,18.761666666666667
25,9.262132122263706
17,13.3235
50,22.35
20,4.986000000000001
150,81.39577922077922
14,13.36
4,3.319009318612105
4,17.45
20,12.820761904761902
40,100.12305555555555
4,9.906830280830281
5,10.66
130,48.965
25,10.432066773368245
3,8.674080153738672
1,13.471428571428572
20,75.3
5,6.821666666666666
3,8.79
2,5.401
10,13.874305555555557
50,24.68
21,8.672477522477521
10,15.51
100,47.02
1,2.7848809523809517
15,15.68
2,10.171666666666667
10,10.575
60,66.06244627921099
20,7.506785714285713
15,11.776666666666667
5,6.910462454212454
1,4.252594508610174
4,3.58
100,78.31072222222222
15,20.91
2,7.861131221719456
15,13.18
2,12.187527777777772
4,15.2275
10,13.02
15,16.221233766233766
5,11.102444444444442
3,10.144285714285715
1,17.21
2,7.887500000000001
5,19.470714285714287
58,46.51
10,9.579989219114218
20,18.41
1,1.21
60,12.379166666666665
10,2.9152799227799227
3,10.31
3,11.25
5,10.213333333333333
20,11.55
150,3.755333333333333
25,24.49333333333333
4,13.92
14,12.0925
5,12.754523809523807
15,12.42100003620503
20,18.88098484848485
6,7.88
7,35.21025
4,4.012639249639251
10,8.93
10,10.439749999999998
1,12.850666666666665
10,10.8
100,50.35577314133236
2,19.53
7,26.07314891644303
10,6.1025
2,16.206363636363633
6,13.32
74,24.65599816849817
7,8.063666666666668
15,12.365833333333335
12,15.87
1,19.26153846153846
100,13.643244879861891
25,36.75
4,25.82611904761905
90,19.466323450929874
20,18.00746841829684
3,5.218785714285713
20,18.22492063492064
6,5.852735930735929
10,12.067166666666667
10,13.301666666666666
5,11.672342300005425
5,13.747380952380947
2,6.62
19,11.33
7,6.499992063492064
20,9.9
10,21.10964285714286
5,4.69
1,13.32
1,1.88
10,12.73
20,19.77
2,4.252594508610174
5,24.263333333333335
5,8.20111111111111
20,19.435360364618315
20,13.839390109073932
100,77.13322222222222
5,19.545436507936508
80,77.812
20,9.46
120,55.7706
5,5.066666666666666
1,6.195
6,18.8
3,22.555
10,13.513598718275183
2,2.49
17,39.34433333333333
45,31.03166666666667
10,30.37
30,14.06
5,18.026666666666664
16,16.841613748523578
15,4.471691729323309
15,7.123157894736842
15,4.114629660847272
7,4.54
2,3.163666666666667
15,20.1
40,5.36
4,6.349523809523809
2,1.577178583628647
7,6.745
25,13.28
20,82.32
5,5.78
2,15.406666666666668
50,104.08589285714287
1,8.11142857142857
40,20.71
50,27.53990953490954
20,23.16891891891892
100,32.27521675599151
10,7.9275
5,3.0196666666666663
1,16.591441016499843
2,2.496666666666667
20,14.874260461760462
14,7.953404761904762
5,22.6
2,8.843333333333334
6,4.606651154401156
10,5.827999999999999
15,8.11
30,28.351716200247182
20,5.578571428571429
3,6.241666666666666
20,35.62228968253967
10,10.01070370534655
20,20.39
25,21.11
2,3.4189999999999996
20,8.064545454545454
150,61.78199999999999
5,5.56
1,2.73
10,8.558
15,8.52302657810603
6,5.852735930735929
20,25.306118421052634
10,6.651
20,10.654545454545454
1,8.963333333333333
30,14.73
20,19.90713924963925
20,13.895285714285713
1,20.968125
1,3.685833333333333
15,29.8
5,8.241177937915744
20,25.97529411764706
100,76.13
10,11.60625
150,15.2
3,6.77
55,18.88111111111111
80,44.00124777999777
1,22.54
2,6.26
10,13.933333333333335
100,46.02095238095239
40,12.07
2,17.22
20,19.27
5,8.674080153738672
20,11.625
2,21.165
20,25.58666666666667
3,27.76
4,3.456666666666667
25,5.05037012987013
5,5.26
16,16.79
10,26.155384615384616
100,28.351716200247182
20,24.14
12,10.647073170731709
1,1.577178583628647
20,10.96
10,4.976
5,2.571428571428571
15,15.289083333333332
50,8.63
1,5.07
6,13.185952380952383
2,11.664014285714286
20,19.336666666666666
20,12.892923076923077
20,79.34199999999998
5,8.57
15,12.745
30,7.18
50,54.13065566307698
1,1.72
30,6.962999999999999
2,15.796666666666667
1,2.04
10,18.925714285714285
10,17.993333333333336
10,6.24
2,15.329457417582418
6,3.4530000000000003
28,14.49
1,6.7435
3,8.613999999999999
1,3.82
2,8.396666666666668
20,17.59
20,14.93090909090909
1,6.98
1,23.58
4,20.423964189562874
4,31.559164421999785
5,15.097999999999999
5,12.278825396825399
30,25.893
80,23.9
25,17.954
10,6.023333333333333
60,31.03
2,5.525
2,5.006666666666666
3,3.319009318612105
2,5.904
1,16.51
4,3.4516666666666667
20,12.2075
1,2.0066666666666664
3,7.0
40,66.06244627921099
50,72.09012350394704
5,14.80829562104562
50,113.14514285714286
2,41.99458333333333
20,24.45
1,2.38
2,3.33
20,14.58
1,6.3275
5,12.284366300366301
11,5.449000000000001
20,19.035555555555558
21,11.672342300005425
15,12.57909090909091
1,3.8819713258190034
4,12.93
200,110.67333333333332
2,31.284499999999998
1,3.319009318612105
10,23.034997665877004
10,13.5225
10,18.55
5,8.08
70,71.64347485847483
60,19.087500000000002
110,75.79
30,19.63839767918137
5,8.343333333333334
10,11.365820262824284
10,5.4125
20,19.883333333333333
10,8.328166666666668
2,2.9
10,6.325
1,9.93
25,16.154972943722942
1,7.51
3,3.47
10,8.011052929534744
10,5.625
20,20.0
37,10.783333333333335
25,21.432937229437226
5,5.837666666666666
10,11.81
2,28.232083333333335
1,6.2999358974358985
100,54.13065566307698
25,14.108333333333334
10,14.735714285714284
5,7.82
3,9.54
20,12.15
10,13.8775
3,7.772833333333333
5,24.167584011966998
40,8.011052929534744
20,21.770172258297265
10,10.087777777777779
5,14.569999999999999
1,4.0755
15,17.17
5,4.612640692640692
10,14.99
10,33.97159880370446
5,6.45
100,29.28034090909091
74,40.07
10,14.760000000000002
25,22.529772727272725
10,8.6
5,13.50625
70,60.38166666666666
17,22.24454826628068
2,1.7
8,12.43
20,65.34571428571428
50,33.21666666666667
2,4.114629660847272
5,4.21
2,6.2622222222222215
15,17.023333333333333
5,8.005289682539683
2,2.816666666666667
25,17.65
5,25.39
5,32.263333333333335
5,11.158571428571427
15,28.351716200247182
10,39.69
26,44.27
25,11.28
1,8.532575757575758
75,12.42100003620503
1,1.577178583628647
60,22.041666666666664
10,9.716333333333333
25,6.302142857142858
10,8.843071364909603
1,3.706666666666666
10,36.42636363636363
30,98.42
4,11.22357683982684
5,5.817779581529583
40,30.27
110,71.46722222222223
100,62.0175
2,15.059414893617022
10,8.011052929534744
20,12.49
15,24.290166666666664
13,14.7
150,42.656785714285704
5,8.507156644525065
10,12.155
10,24.93142857142857
1,7.669242424242424
10,42.7
5,17.843999999999998
2,17.393076923076922
2,16.91
50,41.38763419913421
10,12.83
2,20.51
1,2.659517316017316
5,22.92
1,14.299643564700222
5,5.513571428571429
2,2.695904761904762
20,16.841613748523578
5,8.674080153738672
1,2.821833333333333
3,10.84
25,12.04309203056146
5,7.741428571428571
50,82.39
15,35.19
2,1.97
4,10.85
1,21.14
60,11.703333333333335
11,13.0
150,58.66
20,94.66916666666668
1,5.39
2,6.865
5,13.4825
1,16.925
120,41.53666666666667
1,7.39
10,12.42100003620503
11,20.96
1,3.82
5,4.53
60,62.618978901797
5,13.962916666666667
2,2.86
100,88.14
4,2.98
25,8.225507936507938
1,8.81
100,12.24
5,9.675252525252525
10,5.235
30,75.1
20,21.405
6,4.93
4,12.298825757575758
30,21.145611111111112
48,16.673833333333334
3,17.95
15,8.674080153738672
10,14.886730158730154
15,8.29
2,11.360666666666667
30,10.05
20,11.42
3,8.355210317460317
10,10.881238095238096
3,14.334666666666667
2,6.42
1,69.89666666666668
17,22.24454826628068
2,2.75
5,3.8186819780666537
150,27.67
20,14.08529411764706
25,9.114076141995263
20,20.0
3,8.005289682539683
7,3.780666666666667
5,9.874249723145073
13,37.1425
5,2.077642857142857
15,13.823333333333334
3,3.989899267399268
4,4.423333333333334
25,30.976904761904763
15,4.9925
2,10.8
15,8.81
50,35.87421753246754
1,8.966666666666667
84,101.81107142857144
5,18.59095238095238
15,18.51381518417851
12,14.514666666666667
6,9.949611037912895
5,6.906666666666666
15,18.51381518417851
16,13.07
6,2.545
2,9.69609523809524
1,2.7305
5,19.33
50,115.88
4,16.061999999999998
20,17.92
6,23.03
10,9.35
5,21.770172258297265
5,3.91
10,17.843999999999998
2,8.71
1,23.83666666666667
1,18.555
7,13.0
20,14.193846153846154
10,6.15933633488115
105,15.844143219667517
5,7.605555555555555
3,10.436666666666667
3,8.182666666666666
8,16.235833333333336
20,20.086000000000002
1,3.96
22,12.04
14,7.78
4,8.011052929534744
20,9.935833333333331
26,12.102333333333334
2,11.107215007215009
10,2.48
7,25.48
25,18.984848484848484
4,28.089122807017542
1,6.585416666666667
2,4.4931438812679225
5,12.42100003620503
6,2.7848809523809517
2,4.509857291996727
1,6.7038276836158195
2,7.311688644688645
20,28.322857142857142
46,14.794855345911948
150,56.44333333333333
10,4.835
34,11.85
4,8.82
75,24.95916666666667
2,5.2594047619047615
50,7.151999999999999
1,7.09
5,26.23
6,19.89
2,3.2004545454545457
15,74.75904761904762
5,5.567142857142858
1,10.928333333333335
10,3.8531612357445573
20,20.0
31,35.11
20,17.421706349206353
10,12.42100003620503
5,26.693219696969695
2,8.13
20,4.2275644775331305
3,4.114629660847272
3,1.28
15,8.26578947368421
50,44.83333333333333
3,3.7133504273504276
50,27.9475
2,4.57
15,29.736333333333338
3,4.53
1,1.5663333333333336
15,19.86
5,8.94
10,8.78
20,27.203333333333333
3,7.193333333333333
20,18.78
12,20.706666666666663
1,4.227059523809524
10,31.370928571428568
5,7.8
5,2.356485750145774
15,20.073333333333334
3,10.01070370534655
33,19.466323450929874
4,17.3
2,4.35
5,46.475
3,2.6816785714285714
9,21.442666666666664
10,53.29
5,20.26625
1,10.07
5,13.83375
6,9.583809523809522
5,21.96020728291316
1,3.82
14,28.451282051282057
26,13.410666666666666
3,8.011052929534744
1,7.056166666666668
1,3.8408333333333333
20,45.05
9,18.293333333333337
150,21.713228021978026
10,17.58
3,4.009803696303695
4,5.98
20,16.405714285714286
2,13.208333333333336
3,5.54
1,10.284
10,12.433709068709073
4,8.37725
20,15.253333333333332
1,5.99
20,18.00746841829684
5,23.259166666666665
1,4.516018518518519
2,7.6
2,28.06
20,6.59
5,1.8
4,3.1213725490196076
1,11.807551282051282
30,10.3
5,16.9
1,18.54
30,21.23753787878788
1,11.89
10,15.603333333333335
30,2.46
2,3.23
20,17.46894508269509
10,62.25
5,36.7275
40,28.445999999999998
2,7.261666666666667
3,15.721857142857143
4,4.99
15,2.93
2,1.3881507936507942
29,7.325
5,5.7882921245421235
30,65.95
18,7.909246031746033
5,5.14
10,3.1363950216450216
1,6.155
2,14.42
1,19.546835585585583
20,9.705
3,17.81
34,29.17
3,21.753484126984127
20,23.333333333333336
30,19.63839767918137
2,10.575499999999998
75,7.876666666666666
2,4.659999999999999
5,10.686666666666666
6,6.8829166666666675
5,8.34952380952381
2,12.066666666666665
30,9.1375
3,4.22
20,5.24
20,8.28
4,6.59
1,21.16
4,21.09
1,2.25
2,3.02
10,19.41
20,14.072539682539682
3,5.735
14,33.07
20,20.0
192,152.27
20,17.346666666666664
15,11.440277777777778
20,17.75
135,60.06952020202019
20,17.72714285714286
8,9.3965
20,22.59416666666667
1,4.6149047619047625
10,11.672342300005425
2,21.52402952868985
5,12.598928571428571
20,13.821049783549778
20,20.2736598956599
75,41.88833333333334
2,7.45
20,4.113333333333333
10,5.57
1,7.461700284900285
9,5.73
120,15.586666666666666
5,15.03
3,13.485714285714284
10,37.391666666666666
4,6.611571428571429
5,26.48
15,18.00746841829684
10,10.01070370534655
20,4.87
1,13.87
1,8.225507936507938
8,6.59
10,7.592083333333334
10,27.72974358974359
8,4.93
1,9.65
5,18.22492063492064
15,24.01
30,46.41
60,6.931280542986424
25,31.756666666666664
15,24.553333333333335
3,35.21733318968613
15,11.634404761904763
50,34.591428571428565
15,9.609694832944832
50,28.351716200247182
20,17.46894508269509
10,8.011052929534744
3,8.011052929534744
10,7.571428571428575
17,84.2875
3,8.46
10,4.2275644775331305
20,74.34254043238748
20,3.3933333333333335
5,5.4557142857142855
2,24.33392857142857
10,6.703157894736842
1,7.15
9,10.71
30,19.06
40,27.348047619047616
35,24.91
15,79.12214285714286
35,6.378452380952381
5,9.223168906257142
16,16.73
4,4.75
3,10.68985073406126
8,31.48
65,5.04
1,14.894107965510312
5,10.483622028043083
5,24.925526315789476
5,15.025
2,19.63839767918137
25,23.055999999999997
1,28.213353174603174
10,10.87
19,15.86
1,10.87
5,7.197222222222222
5,4.687127705627707
4,18.68076923076923
2,4.951951219512195
3,32.47
10,6.8
2,3.92
50,5.370972222222222
1,4.36
20,10.782142857142858
4,4.4071428571428575
4,25.57
10,9.95
20,14.185952380952381
35,38.38
76,39.43
50,74.49041666666668
5,10.810028258110249
5,17.349722222222223
20,16.948904761904764
15,6.078809523809524
5,12.049404761904764
1,6.59
2,8.6
40,24.00333333333333
25,39.335
10,17.86583333333333
3,12.412500000000001
30,36.36
5,8.621570344134557
10,8.506
20,11.672342300005425
2,12.187527777777772
5,11.672342300005425
1,2.356485750145774
9,3.1164000748235967
3,12.04309203056146
10,6.733085569801043
5,5.55
1,12.719666666666667
2,6.82
5,28.42222222222222
5,39.61801680203854
20,19.46066666666667
10,49.72
20,11.16
10,6.6
7,6.96
120,63.035
2,4.012639249639251
2,6.484222481222481
3,7.3428571428571425
3,7.602352941176471
20,19.95
6,18.15714285714286
20,12.911955266955271
4,2.6822698412698407
1,2.9712432125632255
15,7.28
15,11.89
15,9.625
3,2.6
1,7.31875
1,29.835714285714285
140,32.715833333333336
1,2.9380392156862745
10,21.555
1,14.545
25,10.64
1,20.8386684981685
4,7.41
1,54.49833333333333
10,9.3025
2,2.16
4,6.12
5,5.121272727272728
2,10.692142857142859
5,5.894
25,11.443333333333333
5,11.365820262824284
5,11.672342300005425
5,8.011052929534744
1,6.84186038961039
1,22.23333333333333
20,19.90713924963925
15,12.695
20,24.26
5,15.655
50,5.9926666666666675
25,23.32
23,39.73
20,20.77
15,8.843071364909603
10,40.776666666666664
1,11.196666666666665
2,6.98
3,7.741242424242426
40,36.29656872053724
4,7.9075
20,78.42590187590187
2,15.308593073593075
10,4.06
3,2.405
1,8.266777777777778
28,50.43
120,10.068999999999999
120,92.18
100,31.34
7,12.969000000000001
5,11.2175
15,20.581499999999995
1,1.7495347397700336
45,28.303201659451656
20,19.25764705882353
15,20.896622162022705
50,35.85916666666667
2,6.45
1,9.630785130718955
3,9.555
3,6.475
10,11.73
5,15.05
19,7.24
15,6.41
10,6.26
45,34.54
80,59.11666666666666
8,2.7606221001220996
5,4.761000000000001
7,29.37
2,10.71
10,50.35577314133236
50,35.902
2,43.295
15,65.54
25,3.82
1,16.17
3,7.73
3,33.85357142857143
20,15.51529411764706
3,22.96125
3,10.64
75,9.96
20,11.12
1,10.76909090909091
10,5.820999999999999
2,1.6474761904761905
2,5.4275
15,21.16
5,7.098461538461538
120,25.37044444444444
5,2.981935074729193
3,12.98
120,25.21
3,12.284366300366301
10,36.17
1,2.935
1,17.905
15,13.833511904761906
2,6.658714285714285
2,15.164722222222222
9,10.236875
120,80.57
3,12.51
24,17.813333333333333
20,28.48
5,12.63875
5,6.138823529411765
20,13.587261904761904
10,9.21
4,11.672342300005425
12,16.254666666666665
8,5.7957811355311355
10,7.815
25,28.213353174603174
1,17.58736111111111
2,21.57
13,18.51381518417851
10,23.81153846153846
10,9.85
25,11.78
1,4.4940858585858585
1,21.33
70,38.36641142191142
10,8.674080153738672
2,2.877958683473389
1,7.550000000000001
3,2.9945
20,11.1
3,10.415454517704518
25,36.579523809523806
10,14.973333333333333
2,3.3833333333333333
6,17.208333333333332
15,18.22492063492064
1,12.38
2,8.225507936507938
5,5.738357142857142
25,7.48
35,14.185952380952381
20,24.21
4,2.807777777777778
25,28.399545454545454
20,11.735625
1,3.91
7,3.729974569647945
14,18.91583333333333
2,16.87952380952381
1,41.09112326270221
5,14.83
1,6.428333333333334
7,73.53505855255854
5,8.405
1,3.9208846153846157
6,11.2
6,21.52
2,16.585
4,3.77825
20,24.167584011966998
2,1.577178583628647
10,5.066666666666666
5,8.94
6,23.7
2,2.388571428571429
25,11.383809523809523
2,3.506555555555555
150,88.94
10,11.03
25,12.79
4,2.0551190476190477
30,7.295555075643308
115,13.844
150,39.96
16,9.83
3,5.72
10,15.85
5,4.035
25,24.48
6,7.295555075643308
20,18.00746841829684
2,6.18
20,23.647142857142857
120,79.75626551226551
2,7.3
20,19.840612647156764
5,5.99
5,4.12184899130797
5,21.770172258297265
2,13.178500000000001
2,8.323333333333332
10,24.033763440860216
50,30.39
5,13.48
10,10.325
15,5.357372590129168
20,12.808333333333332
12,14.735285123858967
3,8.83
30,19.491562111091525
1,7.5680000000000005
11,12.750336021505378
20,14.299643564700222
20,7.742380952380952
15,3.7716666666666665
25,31.51
13,15.479666666666667
5,7.59
3,19.27
4,9.02
5,6.2
2,4.216666666666666
10,15.96
1,4.24
10,22.909903774845723
25,10.01070370534655
20,9.82
10,11.521363636363635
5,3.9923253968253984
10,4.2275644775331305
10,7.61
10,22.22
25,6.99
1,2.71
12,8.212575757575758
2,4.628914446664447
4,12.323571428571428
20,18.006
40,23.2
20,58.19416666666667
25,7.234324324324325
5,10.304333333333334
15,7.24
35,24.12
4,13.832142857142857
3,3.8531612357445573
70,81.76416666666668
10,25.88404761904762
2,10.903333333333332
2,3.54
5,9.10142857142857
30,31.59352167277167
5,2.275321428571429
5,8.52302657810603
15,15.373678266178263
120,131.74285714285713
6,82.0725
7,20.125
41,25.223880952380956
1,9.98
25,28.74
20,8.674080153738672
20,27.09
10,16.178333333333335
22,49.342460317460315
2,2.5440622472524304
20,6.79
66,59.36666666666666
5,8.271
2,3.643071428571429
25,8.649828282828283
2,3.576428571428571
15,9.897559523809525
10,19.09
20,25.52
10,18.12372811656867
20,28.53
26,12.548333333333336
1,2.754318903318904
14,10.831617647058824
18,7.248888888888889
10,34.839285714285715
3,15.7
20,9.530909090909091
2,11.76973950632271
3,5.205
2,6.152
5,9.75
2,7.077380952380952
5,15.947777777777778
20,37.903181818181814
2,3.1164000748235967
2,19.348909039833575
10,9.158287834982234
200,147.52
1,1.8675
1,1.5066666666666668
10,3.01
76,1.6170000000000002
17,54.13065566307698
5,6.3030815295815295
150,94.61857142857143
5,14.211500000000001
20,8.147857142857141
2,4.687127705627707
1,5.04375
10,21.388616203703705
10,27.698461538461537
120,79.34199999999998
3,8.7825
2,9.262132122263706
9,4.02875
10,72.44
80,90.00333333333334
2,18.68472222222222
30,10.113286324786324
20,20.2736598956599
10,16.154972943722942
3,2.7142373737373737
4,12.86
5,4.18
5,16.775714285714283
2,4.114629660847272
4,7.82
20,4.572207792207792
10,6.71
25,28.21
10,10.5525
6,3.2561746031746037
2,9.919502564102563
8,12.694424603174605
10,26.76838095238095
8,9.114076141995263
5,13.2525
40,111.51
12,10.03559451659452
200,133.53
2,3.619739718614718
13,11.85
3,17.4075
3,5.966
5,22.225
130,56.482
20,14.605
1,12.44
20,27.37333333333333
5,4.085
10,5.08
30,6.61845238095238
20,5.62
10,15.25
1,2.899166666666667
20,28.351716200247182
25,14.763333333333335
3,3.729974569647945
25,10.655
1,19.676666666666666
120,32.9
1,4.769375
25,8.011052929534744
10,12.12
1,1.3
2,18.3275
27,29.12
50,7.28
20,21.508333333333336
10,18.51
40,103.30237734487731
6,5.991255772005773
10,8.52302657810603
80,20.956428571428575
29,37.88819047619047
25,67.74
2,6.441944444444444
5,9.007777777777779
2,3.48
5,9.211392857142856
30,77.93
5,3.85
7,7.91
2,5.707936507936507
11,9.240833333333335
2,11.844444444444443
5,7.284444444444444
5,3.16
15,32.70002497502498
10,28.499565217391304
10,10.86
20,12.206904761904761
15,14.80829562104562
50,54.13065566307698
5,18.10666666666667
3,2.7848809523809517
1,8.41
2,27.65252324228059
2,13.51
1,17.06
10,13.63888888888889
3,4.626363636363636
20,16.22
10,39.84380952380951
150,10.28
5,2.86
10,8.4147162004662
90,12.923499999999999
75,26.56
30,76.77
10,5.3375
4,9.306785714285715
2,4.8700757575757585
3,11.672342300005425
3,7.714779220779222
20,18.64
10,9.306785714285715
12,19.63839767918137
10,10.827792207792209
3,18.3475
20,10.4
5,17.221666666666668
6,8.449666666666667
25,27.630084033613446
10,13.13
150,20.13
60,51.28666666666666
1,3.07
3,3.1164000748235967
2,4.92
2,7.749374181374178
5,13.61
5,5.282142857142857
30,21.415
10,12.42100003620503
5,6.61845238095238
6,4.5169999999999995
9,10.57
60,22.24454826628068
10,3.0874344246261503
20,44.00124777999777
10,13.832142857142857
6,11.15
4,2.9952330483110097
5,8.011052929534744
40,13.94
120,39.26
5,22.66
30,46.58006743690837
1,22.39
21,28.51676923076923
10,17.2075
5,4.955
20,15.99
4,12.278825396825399
2,5.34
120,56.95
2,9.40159090909091
5,9.96316588172364
15,3.7050000000000005
2,3.047678571428573
1,2.5605
8,20.690833333333334
1,2.98
60,30.88
1,11.754444444444443
12,13.67
1,3.6604761904761904
8,8.171503759398496
45,22.659166666666664
10,14.163101176601176
2,3.1363950216450216
4,9.33
75,4.50630608974359
1,7.47
20,12.543333333333333
84,33.77909090909091
2,2.58
20,11.91
5,27.2425
1,4.37
10,12.42100003620503
20,19.435360364618315
30,14.672023114876628
10,13.4
10,13.7
27,15.811
1,16.29714285714286
10,15.120833333333335
10,5.189545454545455
3,10.450214285714287
6,12.356666666666666
10,17.375
11,19.27
25,21.55
1,5.12
20,30.056666666666665
5,8.679166666666667
3,9.23
20,13.745714285714284
1,9.23
3,8.333333333333334
4,6.664553030303029
5,7.13709090909091
80,12.04309203056146
5,4.541
10,22.249682758366504
200,51.74833333333333
1,14.719473158033917
25,23.63740476190476
1,7.51
20,19.63839767918137
2,16.32
25,30.03
3,7.530714285714286
30,9.36
65,57.98181818181818
5,12.284366300366301
1,9.88
3,16.698
1,14.38
50,57.11219047619049
5,8.75
25,9.114076141995263
50,19.152333333333335
23,13.89426141355093
15,9.9725
10,14.73
3,9.921914893617021
20,15.284
2,3.8186819780666537
30,26.07314891644303
20,20.54
5,14.78125
10,10.613333333333335
2,2.2814102564102563
60,56.59320512820513
20,16.065
2,7.918422619047619
15,6.179166666666666
50,28.351716200247182
5,9.262619047619047
3,10.495
5,11.763928571428574
1,16.405
5,11.35
120,76.62888888888888
50,36.54
8,15.84
25,89.16333333333333
10,4.318333333333333
2,10.97
1,4.114629660847272
3,11.365820262824284
4,15.723571428571429
5,22.24
10,22.05583333333333
1,12.757333333333332
5,20.496666666666666
5,8.011052929534744
25,16.243333333333336
20,10.432066773368245
93,70.26833333333335
2,42.06
20,19.12
20,34.06666666666667
3,4.6875
80,40.760999999999996
3,6.421666666666666
2,2.7606221001220996
5,10.90125
2,2.3083333333333336
1,6.938022578063563
15,6.74
70,25.636666666666667
50,19.27
5,8.72
5,12.15
2,10.2325
2,30.603611111111114
1,14.299643564700222
150,108.18267857142857
120,24.32
6,25.57
40,60.8895
20,19.99
5,9.306785714285715
7,7.650833333333334
35,7.21
2,9.716333333333333
20,19.677333333333333
1,7.496423076923078
3,13.29
15,14.158333333333335
10,17.037537878787877
3,7.959222222222221
15,9.114076141995263
1,6.938022578063563
10,12.31
5,4.012639249639251
2,20.02388888888889
2,12.6075
4,8.22
15,18.51381518417851
10,8.455
5,5.36
5,11.723809523809525
1,8.011052929534744
20,18.638029609279606
2,9.478528138528139
20,18.276714285714284
1,8.115791443850267
10,6.782333333333334
10,8.154545454545454
150,129.14
2,15.58
2,22.84
60,44.00124777999777
1,1.947230769230769
2,14.80829562104562
10,12.971666666666668
5,25.7
30,30.891666666666666
5,10.2725
3,2.97
20,9.008333333333333
6,9.85
5,18.0
2,23.18197302697303
15,11.322142857142858
5,25.99
20,22.62456148426737
7,10.69
10,16.34
60,11.19
2,2.5010714285714286
9,13.17
60,9.363353276353278
6,11.260357142857142
120,66.06244627921099
30,105.97
2,10.973333333333333
5,4.71
50,22.67
3,10.772436974789917
20,13.963513708513709
10,18.63
20,17.32
68,65.89
10,11.555214285714287
2,15.365
25,17.2
10,7.226539061635332
5,3.4397979797979805
1,1.42
2,4.114629660847272
10,21.509
3,4.86579761904762
6,3.6955185610742904
1,3.88
30,54.13065566307698
7,4.146166666666667
10,14.212330447330444
6,10.64
1,3.8186819780666537
15,7.14
5,5.9
2,8.896666666666667
2,8.895
50,41.78
20,13.42
20,17.01
40,70.97865079365077
3,15.716969211344209
1,1.81
15,26.77
20,14.13
27,8.616499999999998
1,4.3875
30,36.44
10,18.225
10,2.997
15,21.46642857142857
1,20.88
5,8.829166666666667
2,2.618666666666667
1,5.01
45,21.6142
1,10.08
10,10.16
3,6.92
10,6.21
7,11.246888888888892
2,2.9
9,6.568461538461538
2,20.273833333333332
2,2.2155000000000005
2,3.194
25,8.12
1,16.76
5,19.5075
20,3.885
2,2.55
15,5.38
6,4.01
14,18.00746841829684
125,72.16666666666667
20,6.338166666666667
1,8.8476
5,6.9141666666666675
10,11.365820262824284
1,8.555
5,9.45
5,16.052
10,8.621570344134557
4,10.432066773368245
15,26.13
2,4.39647619047619
5,7.796993145743147
30,19.453537878787877
20,12.503333333333332
25,8.225507936507938
2,4.114629660847272
3,3.9923253968253984
20,18.42
3,18.385961538461537
20,10.476666666666665
5,4.22
50,17.004
2,1.577178583628647
5,12.176666666666666
5,6.501992063492063
10,5.556666666666667
32,14.849888888888891
3,11.672342300005425
6,9.949611037912895
23,11.812017492416203
8,8.780410353535354
25,74.34254043238748
2,1.577178583628647
160,46.58006743690837
20,29.55
13,16.74
25,8.682666666666668
20,17.136363636363637
1,27.584583333333335
5,103.23
6,9.19
150,37.61
30,10.754166666666665
15,8.48
1,5.8
15,5.27
50,39.253035714285716
5,12.146363636363635
10,15.54
16,28.351716200247182
10,4.11
20,15.39745779220779
2,17.17
2,4.3865
1,3.71
6,20.423964189562874
15,12.187527777777772
50,13.26
115,28.487717948717947
2,1.1803282828282828
10,2.459166666666667
1,8.4
25,10.56
2,6.609281746031748
20,26.538333333333334
2,10.834543290043289
20,11.65
5,3.84
10,19.7325
1,7.894166666666667
150,15.01
40,24.03387768215127
20,20.105
1,5.288543123543122
22,11.672342300005425
2,6.128333333333333
8,7.36
2,2.7848809523809517
3,30.806666666666665
20,12.930474802974807
5,11.672342300005425
25,61.78199999999999
15,22.23
20,8.171463203463205
30,36.03
75,71.64347485847483
20,20.54
150,3.1321666666666665
1,30.36
10,12.076666666666664
20,13.821049783549778
15,11.856666666666667
10,29.850384615384613
2,2.240843165821107
2,23.62
10,15.871015873015871
